,Clusters,0,1,2,3,4,5
0,0,7.999999999999993,0.0,5.916666666666669,4.211898395721925,4.665320771646413,9.999999999999892
1,1,0.0,21234.231596887847,1218.9572171487757,1484.5884472941816,1.8,87.00952380952361
2,2,0.0,187.38492063491992,1171.7967032966214,68.52910818174924,3.0000000000000018,19.0
3,3,0.0,1422.2714968596772,25.747239280328284,9362.753126074875,0.09090909090909091,7.772222222222216
4,4,0.0,0.0,116.12457819957923,0.0,236.28768612267947,14.000000000000838
5,5,0.0,179.1863116514984,61.78585832626345,13.003090337360696,1.6666666666666667,8305.116474072232
