,class,f1_score,support_values
0,TP-Link Day Night Cloud camera,0.9578098749502889,294.9999999999865
3,MacBook,0.9086244038903151,1341.0000000000737
2,HP Printer,0.890840229355846,726.9999999999925
1,Android Phone,0.8844922284021343,1524.9999999999197
5,TP-Link Smart plug,0.7983942908117768,193.99999999999875
4,PIX-STAR Photo-frame,0.659825196362537,183.99999999999866
6,Dropcam,0.3358746328405577,3.9999999999761737
8,Blipcare Blood Pressure meter,0.001,0.0
7,IPhone,0.0,0.0
